Question,Answer Transcript,Sentiment,Feedback
"Can you explain the difference between various machine learning models such as GANs, CNNs, RNNs, and LSTMs, and provide an example of when you would use each model in solving complex problems?"," In a recent project, I utilized state-of-the-art methodologies in computer vision and time series analysis to develop a predictive maintenance solution for manufacturing equipment. The system leveraged a combination of convolutional neural networks, CNNs, for visual inspection of machine components and long short-term memory networks, LSDMs, to analyze sensor data over time. The model achieved significant improvements in detecting early signs of failure, reducing unplanned downtime by 30%. By combining these modalities, we were able to detect anomalies from both visual and sensor data, providing a more accurate prediction of equipment failure.","Neutral - 0.53
Approval - 0.45
Realization - 0.12","Feedback:

1. Logical Alignment:
The candidate's response directly addresses the question by explaining the difference between various machine learning models such as CNNs and LSTMs. They also provide a relevant example of when to use each model in solving complex problems. The details provided about using CNNs for visual inspection and LSTMs for time series analysis align with the question's focus on different machine learning models.

2. Depth of Insight:
The candidate demonstrates a good understanding of how CNNs and LSTMs can be applied in a real-world scenario for predictive maintenance in manufacturing equipment. They explain the rationale behind using each model type based on the nature of the data (visual vs. time series) and the goal of detecting equipment failure. However, further elaboration on the specific features of CNNs and LSTMs that make them suitable for these tasks could enhance the depth of insight.

3. Quantifiable Impact:
The candidate quantifies the impact of their model by stating that it reduced unplanned downtime by 30%. This measurable outcome adds credibility to the effectiveness of their solution.

4. Relevance:
The response is highly relevant to the job description as it demonstrates the candidate's experience in using advanced machine learning techniques, which aligns with the requirements for the position of a Data Scientist Manager specializing in AI and machine learning within the Government & Public Services sector.

5. Fluency:
The language used in the response is clear, and the grammar is correct. The explanation is concise and effectively communicates the candidate's experience and expertise in utilizing CNNs and LSTMs for solving complex problems.

Areas for Improvement:
- Providing a more detailed explanation of the specific features or strengths of CNNs and LSTMs that make them suitable for the given tasks would further showcase the candidate's expertise.
- Including insights into potential challenges faced during the project and how they were overcome could add depth to the response.
- Linking the impact of the solution more explicitly to the client's goals or business objectives would strengthen the overall"
"How would you approach deploying and optimizing AI models in both on-premises and cloud environments using technologies like Kubernetes, Docker, and MLflow?"," I have applied various AI models in real-world solutions, including GANs for image generation, CNNs for object detection, RNNs and LSDMs for time series forecasting, and BERT for natural language processing tasks. One notable example was using LSDMs to predict stock prices from historical time series data, where the model outperformed traditional statistical methods. Additionally, I used BERT for sentiment analysis in customer feedback, achieving high accuracy in classifying sentiment. Each model was chosen based on the problem's nature, resulting in optimized and effective solutions that met the client's needs.","Neutral - 0.76
Approval - 0.33
Realization - 0.04","Feedback:
- Logical Alignment: The candidate's response does not directly address the question of deploying and optimizing AI models in both on-premises and cloud environments using technologies like Kubernetes, Docker, and MLflow. Instead, the candidate focuses on discussing the AI models they have applied in real-world solutions. The details provided are not relevant to the specific technologies mentioned in the question.
- Depth of Insight: While the candidate demonstrates a deep understanding of utilizing various AI models like GANs, CNNs, RNNs, LSDMs, and BERT for different tasks, they fail to delve into the specifics of deploying and optimizing these models in different environments using the specified technologies.
- Quantifiable Impact: The candidate provides examples of the successful application of AI models in stock price prediction and sentiment analysis but does not offer measurable outcomes related to deploying and optimizing AI models using Kubernetes, Docker, and MLflow.
- Relevance: The response lacks relevance to the job description provided, as it does not directly align with the responsibilities and required skills for the Data Scientist Manager role at a consulting firm specializing in AI technologies in the public sector.
- Fluency: The language used in the response is clear and grammatically correct, demonstrating good fluency.

Areas for Improvement:
1. Focus on addressing the specific question regarding deploying and optimizing AI models in on-premises and cloud environments using Kubernetes, Docker, and MLflow.
2. Provide insights into how the candidate would approach utilizing these technologies, the challenges they may face, and the strategies they would employ to overcome them.
3. Offer examples or experiences related to deploying AI models in different environments to showcase practical knowledge.
4. Make sure the response directly ties back to the job description and the required qualifications outlined for the position."
"Describe your experience in developing end-to-end AI solutions using core programming languages and data science packages such as Python, Keras, Tensorflow, and Pandas."," In my experience deploying and optimizing AI models, I have used Docker and Kubernetes to containerize models and scale them efficiently across multiple environments. Using NVIDIA Tensor RT, I optimized deep learning models for faster inference on GPUs, which significantly improved performance in real-time applications. Additionally, I have worked with Kubeflow to orchestrate machine learning pipelines, enabling automated model training and deployment workflows. I have also leveraged MLflow for tracking experiments and managing the model lifecycle, ensuring reproducibility and consistency throughout the development process.","Neutral - 0.58
Approval - 0.45
Realization - 0.05","Feedback:
- Logical Alignment: The candidate's response does not directly address the question asked about developing end-to-end AI solutions using core programming languages and data science packages. While the candidate mentions deployment and optimization using Docker, Kubernetes, NVIDIA TensorRT, Kubeflow, and MLflow, they do not specifically touch on using core programming languages such as Python, Keras, Tensorflow, and Pandas.
- Depth of Insight: The candidate demonstrates a good understanding of optimizing and deploying AI models using various tools and platforms. However, they could provide deeper insights into how they integrated core programming languages and specific data science packages mentioned in the question.
- Quantifiable Impact: The candidate mentions improving model performance and efficiency but does not provide specific metrics or outcomes to quantify the impact of their actions.
- Relevance: The candidate's response is relevant to the job description as it touches on AI model deployment and optimization, which aligns with the role of a Data Scientist Manager focused on AI solutions within the Government & Public Services sector.
- Fluency: The response is well-written, clear, and technically sound. The candidate demonstrates fluency in discussing AI deployment and optimization strategies.

Areas for Improvement:
1. Align the response directly with the question by specifically addressing experience in developing end-to-end AI solutions using Python, Keras, Tensorflow, and Pandas.
2. Provide more detailed examples or projects showcasing the candidate's use of core programming languages and data science packages to develop AI solutions.
3. Include quantifiable outcomes or results achieved through the deployment and optimization techniques mentioned to highlight the impact of the candidate's work."
"Tell me about a time when you had to lead a team in developing and implementing a new AI strategy. What approach did you take, and what was the outcome?"," I worked with a federal client to develop an AI strategy that aligned with their goal of modernizing their data analytics. The client was unsure about how AI could fit into their existing infrastructure. So I took the lead in conducting a thorough needs assessment and proposed a phased implementation plan. I then guided them through setting up an AI pipeline using existing data, providing training sessions, and implementing a proof of concept. By the end of the project, the client had a clear understanding of how AI could enhance their operations and had successfully deployed AI models in production.","Neutral - 0.77
Approval - 0.26
Realization - 0.06","Feedback:
- Logical Alignment: The candidate's response directly addresses the question by detailing a specific scenario where they led a team in developing and implementing a new AI strategy for a federal client. The details provided are relevant to the problem presented in the question.
- Depth of Insight: The candidate demonstrates a good understanding of the problem by conducting a needs assessment, proposing a phased plan, setting up an AI pipeline, providing training, and implementing a proof of concept. However, more insight into the challenges faced, decision-making process, and problem-solving strategies could enhance the response.
- Quantifiable Impact: The candidate does not provide specific metrics or outcomes to measure the success of the AI strategy implementation. Including quantifiable results, such as efficiency improvements, cost savings, or increased accuracy, would strengthen the response.
- Relevance: The response aligns well with the job description's focus on working with federal clients to develop AI solutions, showcasing the candidate's experience in the field.
- Fluency: The language used is clear and understandable, with good grammar and structure.

Areas for Improvement:
1. Include specific metrics or outcomes to showcase the impact of the AI strategy implementation, such as percentage improvement in efficiency, cost savings achieved, or any other quantifiable results.
2. Provide more in-depth insights into the challenges faced during the project, the reasoning behind the chosen approach, and how specific decisions were made to overcome obstacles.
3. Consider elaborating on the team leadership aspect, including how the candidate motivated and guided team members throughout the development and implementation process.
4. Highlight any innovative or unique aspects of the AI strategy that contributed to its success, demonstrating the candidate's strategic thinking and problem-solving skills."
Can you share a situation where you faced challenges during the validation and deployment of a machine learning model? How did you handle those challenges and what was the result?," In a project for a retail client, I developed a machine learning pipeline to predict customer churn. During the testing phase, it became apparent that the model was not generalizing well to new data. I identified the need for a repeatable cross-validation process to ensure better generalization. Across various data splits, I iterated on the process by introducing stratified sampling, tuning hyperparameters, and validating on multiple datasets. This led to an improved model performance, and the repeatable process became part of the client's production pipeline, allowing for more reliable churn predictions.","Neutral - 0.71
Approval - 0.24
Realization - 0.2","Feedback:

Logical Alignment:
The candidate's response directly addresses the question by sharing a situation where they faced challenges during the validation and deployment of a machine learning model. They discuss the specific issue of the model not generalizing well to new data and their approach to address it. The details provided are relevant to the problem described in the question.

Depth of Insight:
The candidate demonstrates a good understanding of the problem by recognizing the importance of a repeatable cross-validation process to improve model generalization. They explain their actions, such as introducing stratified sampling, tuning hyperparameters, and validating on multiple datasets, to address the challenges faced. The candidate also highlights the positive outcome of their actions, leading to an improved model performance and integration of the process into the client's production pipeline.

Quantifiable Impact:
Although the candidate mentions that their actions resulted in an improved model performance and a more reliable churn prediction process, they do not provide specific measurable outcomes such as accuracy improvement percentages or other metrics. Including concrete metrics would have strengthened the impact of their response.

Relevance:
The candidate's response is directly related to the job description as it showcases their experience with developing machine learning models, validating them, and deploying them in a real-world scenario for a client. Their experience aligns well with the qualifications and responsibilities outlined in the job description for a Data Scientist Manager specializing in AI and machine learning.

Fluency:
The candidate's response is clear, well-structured, and free of grammatical errors. The language used is professional and appropriate for an interview setting.

Areas for Improvement:
To enhance their response, the candidate could consider incorporating specific metrics or quantifiable outcomes to demonstrate the effectiveness of their strategies in improving model performance. Providing numerical data would provide a more concrete understanding of the impact of their actions. Additionally, the candidate could elaborate further on any challenges faced during the deployment phase and how they specifically navigated those challenges to provide a comprehensive insight into their problem-solving abilities."
Describe a time when you had to work cross-functionally with different teams to ensure the successful delivery of a data science project. What was your role and how did you contribute to the project's success?," I mentored a junior data scientist who was working on a sentiment analysis project for customer feedback. They were struggling with pre-processing and feature extraction techniques for text data. I guided them through best practices in tokenization, lemmatization, and vectorization, and introduced them to different NLP models, including TFIDF and BERT. Over time, they gained confidence in their technical skills, eventually taking ownership of their own projects. Their improved understanding of NLP resulted in a significant boost in their performance, and they were able to independently develop an effective sentiment analysis model.","Neutral - 0.63
Approval - 0.32
Realization - 0.1","Feedback:
- Logical Alignment: The candidate's response aligns well with the question as they described a situation where they had to work cross-functionally with a different team on a data science project. They explained their role in mentoring a junior data scientist to improve their skills, which directly relates to collaborating with others for project success.
- Depth of Insight: The candidate demonstrated a good level of insight by outlining the specific challenges faced by the junior data scientist, the techniques used to mentor them, and the positive outcomes achieved. They explained their thought process behind selecting appropriate NLP models and strategies to help the junior team member improve.
- Quantifiable Impact: While the candidate mentioned a ""significant boost in performance"" for the junior data scientist due to improved understanding, they could have strengthened their response by including specific metrics or examples of how this boost was measured, such as accuracy improvements, project completion time, or client satisfaction.
- Relevance: The candidate's response is relevant to the job description as it showcases their experience in NLP and mentoring, which are key skills required for the Data Scientist Manager role at Deloitte.
- Fluency: The candidate's response is clear, well-structured, and uses appropriate terminology related to data science and NLP. The language fluency and grammar are good.

Areas for Improvement:
1. Lack of Measurable Outcomes: To enhance the response, the candidate should consider quantifying the impact more concretely by providing specific metrics or results of the junior data scientist's improved performance. Adding measurable outcomes would make the answer more impactful and demonstrate the effectiveness of their mentoring.
2. Tie Back to Cross-functional Collaboration: While the candidate addressed their role in mentoring and contributing to the project's success, they could strengthen their response by explicitly linking their actions to working cross-functionally with different teams. Emphasizing the collaboration aspect and how it influenced the overall project delivery would enhance the response.

Overall, the candidate provided a strong response with room for improvement in showcasing quantifiable"
You are working closely with a federal client who is resistant to adopting AI solutions due to skepticism. How would you approach this situation to gain their trust and buy-in for the proposed AI strategy?," If a client expressed concerns about the security of cloud deployment for AI models, I would address their concerns by explaining the robust security protocols available, such as data encryption at rest and in transit, secure access controls, and compliance with industry standards like GDPR and SOC2. I would also emphasize the ability to implement private cloud environments or hybrid cloud solutions for enhanced control by demonstrating the cost benefits, scalability, and advanced security features of cloud platforms. I would work to build their confidence in cloud deployment, highlighting success stories from similar clients.","Neutral - 0.67
Approval - 0.25
Optimism - 0.08","Feedback:
- Logical Alignment: The candidate's response does not directly address the question asked about gaining a federal client's trust and buy-in for AI solutions due to skepticism. The focus on addressing concerns about cloud deployment security, while relevant, does not align with the specific scenario presented in the question.
- Depth of Insight: The candidate demonstrates a good understanding of addressing security concerns related to cloud deployment but lacks depth in addressing the skepticism of the federal client towards AI solutions specifically.
- Quantifiable Impact: The candidate does not provide measurable outcomes or specific improvements in the response to showcase the effectiveness of their approach.
- Relevance: The candidate's response is somewhat relevant as it touches upon aspects of security and client trust, which are important in the job description for the Data Scientist Manager role in a consulting firm dealing with federal clients.
- Fluency: The response is clear, succinct, and demonstrates language fluency with proper grammar and clarity.

Areas for Improvement:
1. Address the skepticism towards AI solutions explicitly: The candidate should focus on directly addressing the skepticism towards AI solutions rather than solely discussing security concerns related to cloud deployment. Providing insights on building trust in AI technologies specifically would be beneficial.
2. Provide specific strategies: The candidate could detail specific strategies or approaches they would take to understand the client's concerns, tailor the communication, showcase the benefits of AI solutions, and address any reservations effectively.
3. Include examples or case studies: To strengthen the response, the candidate could incorporate real-world examples or case studies where overcoming skepticism led to successful implementation of AI solutions.

Overall, while the candidate shows an understanding of addressing security concerns, they would benefit from addressing the skepticism towards AI solutions more directly and providing more tailored strategies to gain the client's trust in AI strategies."
"If you encounter a situation where a deployed machine learning model is not performing as expected and impacting mission execution, how would you troubleshoot the issue and implement corrective measures to ensure optimal performance?"," In the case of a tight deadline to develop an AI solution for a federal client, I would start by breaking the project into key deliverables and prioritizing tasks based on their dependencies and impact. I would collaborate closely with cross-functional teams, ensuring clear communication and quick decision-making to avoid bottlenecks. To speed up development, I would focus on leveraging pre-trained models, optimizing the pipeline for rapid iteration, and using agile methodologies to quickly iterate and test regular check-ins with the client would ensure alignment on expectations, and I would adjust the timeline as necessary to meet the most critical objectives.","Neutral - 0.48
Approval - 0.47
Optimism - 0.12","Feedback:
- Logical Alignment: The candidate's response does not directly address the question posed. While the candidate presents a structured approach to project management and collaboration in a high-pressure scenario, they do not specifically troubleshoot a machine learning model that is underperforming and impacting mission execution.
- Depth of Insight: The candidate's answer lacks depth of insight into troubleshooting machine learning models. There is a missed opportunity to discuss potential reasons for underperformance and specific corrective measures to address these issues.
- Quantifiable Impact: The response does not provide measurable outcomes or metrics to demonstrate the effectiveness of the proposed actions in optimizing model performance.
- Relevance: The answer does not sufficiently relate to the job description and the responsibilities of a Data Scientist Manager in the Government and Public Services sector, focusing more on project management and collaboration rather than solving complex AI problems.
- Fluency: The language fluency, grammar, and clarity of the response are good, with clear and concise communication.

Areas for Improvement:
1. Ensure to directly address the scenario of a deployed machine learning model not performing as expected and impacting mission execution in the response.
2. Demonstrate a deep understanding of troubleshooting techniques specific to machine learning models, such as data analysis, model evaluation, hyperparameter tuning, or feature engineering.
3. Provide specific examples or strategies for implementing corrective measures, such as retraining the model with updated data, adjusting hyperparameters, or exploring alternative algorithms.
4. Connect the response more closely to the required skills and responsibilities outlined in the job description, emphasizing the candidate's expertise in AI/ML algorithm development and data analysis within the Government and Public Services sector."
